Date,Player,Vegas_Line,AI_Pred,AI_Floor,AI_Ceiling,Pick,Edge,Stars,Actual_PTS,Result
3/21/2026,Coby White,14.4,19.6,13.8,23.2,OVER,5.2,4,12,LOSS
3/21/2026,Kon Knueppel,18.8,16.2,12.3,19.6,UNDER,-2.6,3,9,WIN
3/21/2026,Miles Bridges,15.4,11.9,9.9,15.6,UNDER,-3.5,4,13,WIN
3/21/2026,Moussa Diabaté,9.1,4.6,2.5,7.6,UNDER,-4.5,5,11,LOSS
3/21/2026,Amen Thompson,17.8,15.1,12.5,19.6,UNDER,-2.7,3,24,LOSS
3/21/2026,Jabari Smith Jr.,15.4,11.6,6.8,15.4,UNDER,-3.8,4,13,WIN
3/21/2026,Kevin Durant,26.8,24.6,21.0,29.5,UNDER,-2.2,3,27,LOSS
3/21/2026,Reed Sheppard,15.4,13.5,8.0,16.2,UNDER,-1.9,3,23,LOSS
3/21/2026,Tari Eason,10.1,8.6,5.2,10.2,UNDER,-1.5,3,7,WIN
3/21/2026,Darius Garland,20.2,21.9,14.0,25.8,OVER,1.7,3,41,WIN
3/21/2026,Derrick Jones Jr.,12.9,9.2,4.9,11.7,UNDER,-3.7,5,15,LOSS
3/21/2026,Kawhi Leonard,28.1,23.7,19.7,26.6,UNDER,-4.4,5,34,LOSS
3/21/2026,Kris Dunn,8.8,6.6,3.0,9.0,UNDER,-2.2,3,4,WIN
3/21/2026,Deandre Ayton,10.7,13.9,6.4,16.2,OVER,3.2,4,9,LOSS
3/21/2026,Luka Dončić,33.2,28.4,25.0,38.4,UNDER,-4.8,4,33,WIN
3/21/2026,Rui Hachimura,7.9,10.3,6.3,14.7,OVER,2.4,3,2,LOSS
3/21/2026,Jaylen Wells,12.2,10.1,5.5,15.3,UNDER,-2.1,3,9,WIN
3/21/2026,Bam Adebayo,21.0,27.3,18.2,27.8,OVER,6.3,4,32,WIN
3/21/2026,Norman Powell,20.2,15.7,15.2,21.0,UNDER,-4.5,4,21,LOSS
3/21/2026,Bobby Portis,15.4,13.9,7.3,20.2,UNDER,-1.5,3,11,WIN
3/21/2026,Kevin Porter Jr.,17.8,15.0,8.6,18.8,UNDER,-2.8,3,PENDING,PENDING
3/21/2026,Kyle Kuzma,11.8,16.8,5.4,19.1,OVER,5.0,4,20,WIN
3/21/2026,Myles Turner,8.8,13.1,5.6,17.8,OVER,4.3,4,7,LOSS
3/21/2026,Ousmane Dieng,9.9,8.3,0.0,11.9,UNDER,-1.6,3,11,LOSS
3/21/2026,Dejounte Murray,17.6,19.6,14.5,24.8,OVER,2.0,3,12,LOSS
3/21/2026,Jeremiah Fears,8.7,13.8,7.7,15.8,OVER,5.1,4,7,LOSS
3/21/2026,Saddiq Bey,17.1,18.7,13.3,21.2,OVER,1.6,3,19,WIN
3/21/2026,Ajay Mitchell,13.6,15.7,11.3,19.0,OVER,2.1,3,14,WIN
3/21/2026,Alex Caruso,6.1,8.5,3.5,10.0,OVER,2.4,3,4,LOSS
3/21/2026,Cason Wallace,8.5,6.4,3.3,8.5,UNDER,-2.1,3,4,WIN
3/21/2026,Chet Holmgren,15.2,17.1,9.9,21.2,OVER,1.9,3,18,WIN
3/21/2026,Isaiah Hartenstein,8.0,5.4,4.7,12.8,UNDER,-2.6,3,9,LOSS
3/21/2026,Jared McCain,13.2,15.7,6.3,19.6,OVER,2.5,3,18,WIN
3/21/2026,Shai Gilgeous-Alexander,28.5,26.9,21.8,31.2,UNDER,-1.6,3,40,LOSS
3/21/2026,Adem Bona,6.6,4.9,2.1,9.8,UNDER,-1.7,3,16,LOSS
3/21/2026,Andre Drummond,9.1,6.0,2.0,9.7,UNDER,-3.1,4,4,WIN
3/21/2026,Justin Edwards,15.0,21.0,4.2,21.5,OVER,6.0,4,8,LOSS
3/21/2026,VJ Edgecombe,22.4,26.8,9.3,27.3,OVER,4.4,4,22,LOSS
3/21/2026,Collin Gillespie,13.1,9.1,5.4,17.7,UNDER,-4.0,4,18,LOSS
3/21/2026,Devin Booker,27.9,24.2,18.3,31.6,UNDER,-3.7,4,14,WIN
3/21/2026,Jalen Green,22.5,19.0,11.2,23.6,UNDER,-3.5,4,24,LOSS
3/21/2026,Jordan Goodwin,9.9,7.1,1.2,11.9,UNDER,-2.8,3,11,LOSS
3/21/2026,Oso Ighodaro,9.5,4.7,2.8,8.8,UNDER,-4.8,5,12,LOSS
3/21/2026,Ace Bailey,21.7,13.7,9.9,19.9,UNDER,-8.0,5,25,LOSS
3/21/2026,Kyle Filipowski,15.4,11.6,5.4,15.5,UNDER,-3.8,4,12,WIN
3/21/2026,Alex Sarr,12.1,17.0,6.5,20.3,OVER,4.9,4,14,WIN
3/21/2026,Bilal Coulibaly,11.9,8.4,4.2,12.5,UNDER,-3.5,4,21,LOSS
3/21/2026,Will Riley,14.7,11.7,4.0,13.6,UNDER,-3.0,5,9,WIN
3/21/2026,Onyeka Okongwu,14.4,10.2,6.6,18.4,UNDER,-4.2,4,6,WIN
3/21/2026,Donovan Mitchell,26.4,24.1,17.5,31.8,UNDER,-2.3,3,27,LOSS
3/21/2026,Evan Mobley,20.8,16.3,13.6,22.5,UNDER,-4.5,4,18,WIN
3/21/2026,James Harden,21.3,19.6,17.4,22.4,UNDER,-1.7,3,20,WIN
3/21/2026,Max Strus,9.5,11.4,5.2,12.9,OVER,1.9,3,5,LOSS
3/21/2026,Sam Merrill,10.7,12.4,4.6,17.0,OVER,1.7,3,15,WIN
3/21/2026,Cooper Flagg,21.4,20.1,13.8,20.6,UNDER,-1.3,5,18,WIN
3/21/2026,Daniel Gafford,9.4,13.7,7.4,15.0,OVER,4.3,4,7,LOSS
3/21/2026,Khris Middleton,8.5,14.7,7.3,15.2,OVER,6.2,4,8,LOSS
3/21/2026,Klay Thompson,10.8,12.9,6.7,16.2,OVER,2.1,3,12,WIN
3/21/2026,Naji Marshall,15.5,13.4,6.5,21.9,UNDER,-2.1,3,28,LOSS
3/21/2026,P.J. Washington,13.5,11.8,9.4,13.4,UNDER,-1.7,5,21,LOSS
3/21/2026,Brandin Podziemski,16.4,13.3,7.5,15.3,UNDER,-3.1,5,5,WIN
3/21/2026,De'Anthony Melton,15.5,11.7,7.7,16.9,UNDER,-3.8,4,20,LOSS
3/21/2026,Gary Payton II,11.6,8.1,4.4,11.9,UNDER,-3.5,4,17,LOSS
3/21/2026,Gui Santos,15.3,11.1,6.6,15.0,UNDER,-4.2,5,2,WIN
3/21/2026,Will Richard,7.6,5.9,2.4,10.0,UNDER,-1.7,3,9,LOSS
3/22/2026,Jaylen Brown,25.8,29.8,27.2,33.7,OVER,4.0,5,29,WIN
3/22/2026,Jayson Tatum,22.0,24.6,20.8,30.6,OVER,2.6,3,16,LOSS
3/22/2026,Payton Pritchard,15.8,11.8,9.7,15.3,UNDER,-4.0,5,10,WIN
3/22/2026,Aaron Gordon,15.4,13.6,10.6,18.5,UNDER,-1.8,3,12,WIN
3/22/2026,Cameron Johnson,10.7,14.4,11.2,17.6,OVER,3.7,5,19,WIN
3/22/2026,Jamal Murray,24.1,22.3,16.9,26.4,UNDER,-1.8,3,22,WIN
3/22/2026,Tim Hardaway Jr.,10.8,14.1,9.3,16.9,OVER,3.3,4,6,LOSS
3/22/2026,Ayo Dosunmu,16.4,13.7,13.1,17.2,UNDER,-2.7,3,17,LOSS
3/22/2026,Jaden McDaniels,15.4,12.4,8.6,17.4,UNDER,-3.0,4,19,LOSS
3/22/2026,Julius Randle,21.5,24.1,20.1,29.6,OVER,2.6,3,9,LOSS
3/22/2026,Rudy Gobert,11.0,14.5,9.8,17.1,OVER,3.5,4,9,LOSS
3/22/2026,Josh Minott,11.8,7.1,6.3,9.3,UNDER,-4.7,5,15,LOSS
3/22/2026,Ochai Agbaji,7.8,10.6,5.4,12.2,OVER,2.8,3,3,LOSS
3/22/2026,Ziaire Williams,9.8,7.8,6.2,9.7,UNDER,-2.0,5,18,LOSS
3/22/2026,Jalen Brunson,25.2,28.1,24.8,33.6,OVER,2.9,3,23,LOSS
3/22/2026,Jose Alvarado,7.3,8.9,5.4,11.4,OVER,1.6,3,8,WIN
3/22/2026,Karl-Anthony Towns,22.2,20.7,15.4,29.3,UNDER,-1.5,3,26,LOSS
3/22/2026,Mohamed Diawara,7.4,6.1,2.0,6.6,UNDER,-1.3,5,12,LOSS
3/22/2026,Deni Avdija,24.2,22.5,17.6,26.0,UNDER,-1.7,3,23,WIN
3/22/2026,Toumani Camara,13.2,11.2,9.9,15.7,UNDER,-2.0,3,16,LOSS
3/22/2026,Doug McDermott,7.5,4.3,3.2,4.8,UNDER,-3.2,5,9,LOSS
3/22/2026,Maxime Raynaud,18.6,15.1,13.0,19.9,UNDER,-3.5,4,22,LOSS
3/22/2026,Nique Clifford,13.5,12.6,7.4,13.1,UNDER,-0.9,5,7,WIN
3/22/2026,Precious Achiuwa,14.5,9.1,8.6,10.7,UNDER,-5.4,5,14,WIN
3/22/2026,Bilal Coulibaly,13.3,10.3,9.8,14.9,UNDER,-3.0,4,13,WIN
3/22/2026,Will Riley,15.6,10.0,8.7,16.3,UNDER,-5.6,4,11,WIN
3/23/2026,Jock Landale,8.7,8.1,4.9,8.6,UNDER,-0.6,5,11,LOSS
3/23/2026,Bam Adebayo,21.2,24.1,20.4,26.2,OVER,2.9,3,18,LOSS
3/23/2026,Pelle Larsson,11.1,9.0,8.5,14.1,UNDER,-2.1,3,7,WIN
3/23/2026,Ben Saraf,10.2,11.7,6.0,12.2,OVER,1.5,3,10,LOSS
3/23/2026,Keldon Johnson,12.4,10.9,7.7,15.0,UNDER,-1.5,3,21,LOSS
3/23/2026,Kevin Huerter,8.8,10.5,6.2,14.2,OVER,1.7,3,7,LOSS
3/23/2026,Leonard Miller,9.8,8.3,5.8,10.5,UNDER,-1.5,3,17,LOSS
3/23/2026,Austin Reaves,21.2,19.1,14.4,21.5,UNDER,-2.1,3,24,LOSS
3/23/2026,Deandre Ayton,9.9,14.3,8.7,16.9,OVER,4.4,4,13,WIN
3/23/2026,Jake LaRavia,8.8,6.9,4.2,8.0,UNDER,-1.9,5,7,WIN
3/23/2026,LeBron James,18.8,21.5,17.7,28.3,OVER,2.7,3,12,LOSS
3/23/2026,Andrew Wiggins,12.8,16.0,13.7,17.2,OVER,3.2,5,9,LOSS
3/23/2026,Jaime Jaquez Jr.,10.9,13.0,9.1,15.2,OVER,2.1,3,8,LOSS
3/23/2026,Kel'el Ware,6.5,10.3,8.3,15.6,OVER,3.8,5,7,WIN
3/23/2026,Norman Powell,19.7,17.3,16.4,19.7,UNDER,-2.4,3,21,LOSS
3/23/2026,Desmond Bane,23.4,17.4,14.8,21.3,UNDER,-6.0,5,17,WIN
3/23/2026,Jett Howard,8.3,6.6,2.6,7.6,UNDER,-1.7,5,10,LOSS
3/23/2026,Jevon Carter,11.5,8.5,5.2,10.5,UNDER,-3.0,5,2,WIN
3/23/2026,Paolo Banchero,25.6,21.1,18.0,26.0,UNDER,-4.5,4,39,LOSS
3/23/2026,Tristan da Silva,11.4,8.8,6.6,12.0,UNDER,-2.6,3,21,LOSS
3/23/2026,Wendell Carter Jr.,11.8,9.9,7.8,13.2,UNDER,-1.9,3,17,LOSS
3/23/2026,Andrew Nembhard,15.1,16.6,14.7,22.2,OVER,1.5,3,13,LOSS
3/23/2026,Pascal Siakam,19.7,23.5,21.9,27.4,OVER,3.8,5,37,WIN
3/23/2026,Quenton Jackson,6.5,9.0,4.0,10.3,OVER,2.5,3,PENDING,PENDING
3/23/2026,T.J. McConnell,8.5,10.5,8.5,12.2,OVER,2.0,3,13,WIN
3/23/2026,Cameron Payne,12.2,5.7,5.2,8.3,UNDER,-6.5,5,10,WIN
3/23/2026,Dominick Barlow,9.0,7.1,4.7,8.7,UNDER,-1.9,5,0,WIN
3/23/2026,VJ Edgecombe,19.2,12.7,12.2,15.8,UNDER,-6.5,5,35,LOSS
3/23/2026,Devin Vassell,13.5,15.5,12.5,20.7,OVER,2.0,3,6,LOSS
3/23/2026,Harrison Barnes,7.4,11.4,8.1,14.1,OVER,4.0,5,13,WIN
3/23/2026,Stephon Castle,16.4,12.6,9.8,17.8,UNDER,-3.8,4,19,LOSS
3/23/2026,Victor Wembanyama,26.8,22.7,19.2,29.3,UNDER,-4.1,4,26,WIN
3/23/2026,Chet Holmgren,15.9,17.4,13.9,19.6,OVER,1.5,3,17,WIN
3/23/2026,Jalen Williams,14.5,18.2,15.7,21.7,OVER,3.7,5,18,WIN
3/23/2026,Shai Gilgeous-Alexander,29.4,26.6,24.5,28.7,UNDER,-2.8,5,22,WIN
3/23/2026,Scottie Barnes,19.7,17.2,14.1,21.8,UNDER,-2.5,3,20,LOSS
3/23/2026,Taylor Hendricks,10.9,13.0,7.4,13.7,OVER,2.1,3,9,LOSS
3/23/2026,Daniss Jenkins,14.5,7.0,6.0,11.3,UNDER,-7.5,5,30,LOSS
3/23/2026,Duncan Robinson,11.5,13.1,10.2,16.4,OVER,1.6,3,12,WIN
3/23/2026,Ronald Holland II,7.5,10.9,8.0,12.3,OVER,3.4,5,2,LOSS
3/23/2026,Dyson Daniels,13.5,10.9,8.8,14.4,UNDER,-2.6,3,12,WIN
3/23/2026,Mouhamed Gueye,7.2,6.2,2.9,6.7,UNDER,-1.0,5,3,WIN
3/23/2026,Nickeil Alexander-Walker,20.6,16.5,14.6,20.9,UNDER,-4.1,4,26,LOSS
3/23/2026,Onyeka Okongwu,15.0,13.2,8.5,18.1,UNDER,-1.8,3,16,LOSS
3/23/2026,Zaccharie Risacher,9.8,12.4,8.7,15.3,OVER,2.6,3,11,WIN
3/23/2026,GG Jackson,14.2,17.0,11.9,20.6,OVER,2.8,3,26,WIN
3/23/2026,Walter Clayton Jr.,9.6,6.2,4.9,7.9,UNDER,-3.4,5,16,LOSS
3/23/2026,Collin Sexton,14.1,16.4,12.8,19.3,OVER,2.3,3,25,WIN
3/23/2026,Josh Giddey,17.5,14.1,10.7,20.9,UNDER,-3.4,4,15,WIN
3/23/2026,Matas Buzelis,18.9,16.8,14.2,17.3,UNDER,-2.1,5,23,LOSS
3/23/2026,Nick Richards,8.5,10.8,6.6,11.3,OVER,2.3,3,11,WIN
3/23/2026,Tre Jones,14.1,12.5,9.7,15.4,UNDER,-1.6,3,15,LOSS
3/23/2026,Alperen Sengun,20.2,21.8,18.8,25.7,OVER,1.6,3,33,WIN
3/23/2026,Kevin Durant,26.1,28.4,25.7,32.2,OVER,2.3,3,40,WIN
3/23/2026,Reed Sheppard,16.4,14.3,10.6,17.7,UNDER,-2.1,3,13,WIN
3/23/2026,Collin Murray-Boyles,8.8,7.6,3.6,8.6,UNDER,-1.2,5,9,LOSS
3/23/2026,Ja'Kobe Walter,10.2,7.8,5.4,10.6,UNDER,-2.4,3,21,LOSS
3/23/2026,Jamal Shead,8.9,6.2,4.8,8.7,UNDER,-2.7,5,7,WIN
3/23/2026,RJ Barrett,21.5,18.3,15.0,22.5,UNDER,-3.2,4,27,LOSS
3/23/2026,Sandro Mamukelashvili,12.8,10.5,5.6,12.1,UNDER,-2.3,5,23,LOSS
3/23/2026,Ace Bailey,18.8,20.4,13.0,24.3,OVER,1.6,3,37,WIN
3/23/2026,Brice Sensabaugh,22.7,17.7,16.3,22.6,UNDER,-5.0,5,24,LOSS
3/23/2026,Kyle Filipowski,14.3,12.5,9.2,15.0,UNDER,-1.8,3,6,WIN
3/23/2026,Daniel Gafford,10.6,14.4,10.2,17.6,OVER,3.8,4,20,WIN
3/23/2026,Klay Thompson,10.8,13.9,8.2,17.6,OVER,3.1,4,15,WIN
3/23/2026,Marvin Bagley III,8.8,7.5,5.5,8.4,UNDER,-1.3,5,9,LOSS
3/23/2026,P.J. Washington,14.3,16.4,13.2,19.7,OVER,2.1,3,9,LOSS
3/23/2026,Brandin Podziemski,14.5,12.7,8.2,15.1,UNDER,-1.8,3,20,LOSS
3/23/2026,De'Anthony Melton,15.8,14.5,12.1,15.6,UNDER,-1.3,5,0,WIN
3/23/2026,Kristaps Porziņģis,17.2,19.9,15.4,20.4,OVER,2.7,3,22,WIN
3/23/2026,Will Richard,7.4,5.9,3.2,8.8,UNDER,-1.5,3,12,LOSS
3/23/2026,Nolan Traore,11.9,10.2,6.1,12.5,UNDER,-1.7,3,0,WIN
3/23/2026,Ziaire Williams,11.4,8.5,7.2,12.9,UNDER,-2.9,3,16,LOSS
3/23/2026,Deni Avdija,25.1,21.2,17.0,23.8,UNDER,-3.9,5,18,WIN
3/23/2026,Donovan Clingan,16.2,15.0,10.9,15.5,UNDER,-1.2,5,7,WIN
3/23/2026,Jrue Holiday,15.2,13.1,11.6,17.4,UNDER,-2.1,3,11,WIN
3/23/2026,Sidy Cissoko,6.5,2.8,0.7,5.8,UNDER,-3.7,5,5,WIN
3/23/2026,Toumani Camara,13.5,11.1,9.8,16.7,UNDER,-2.4,3,35,LOSS
3/23/2026,Derrick Jones Jr.,12.5,8.6,7.2,10.7,UNDER,-3.9,5,7,WIN
3/23/2026,Kawhi Leonard,28.5,27.0,23.5,30.1,UNDER,-1.5,3,28,WIN
3/23/2026,Bobby Portis,15.5,17.8,10.6,19.2,OVER,2.3,3,11,LOSS
3/23/2026,Myles Turner,10.7,13.2,8.7,15.8,OVER,2.5,3,7,LOSS
3/23/2026,Ousmane Dieng,11.8,6.0,5.5,11.1,UNDER,-5.8,5,7,WIN
3/23/2026,Ryan Rollins,18.8,16.1,11.8,20.6,UNDER,-2.7,3,13,WIN
3/23/2026,Taurean Prince,6.6,8.3,5.0,10.0,OVER,1.7,3,5,LOSS
3/24/2026,Devin Carter,14.5,11.9,6.4,12.4,UNDER,-2.6,5,PENDING,PENDING
3/24/2026,Malik Monk,18.2,14.9,11.4,20.5,UNDER,-3.3,3,PENDING,PENDING
3/24/2026,Maxime Raynaud,17.1,13.3,12.8,17.8,UNDER,-3.8,3,PENDING,PENDING
3/24/2026,Coby White,15.1,17.6,14.4,20.8,OVER,2.5,3,PENDING,PENDING
3/24/2026,Jeremiah Fears,8.4,11.3,7.4,12.0,OVER,2.9,3,PENDING,PENDING
3/24/2026,Jalen Brunson,25.4,29.2,25.5,31.7,OVER,3.8,5,PENDING,PENDING
3/24/2026,Dennis Schröder,7.4,10.0,8.2,12.5,OVER,2.6,5,PENDING,PENDING
3/24/2026,Sam Merrill,11.8,7.7,7.2,10.7,UNDER,-4.1,5,PENDING,PENDING
3/24/2026,Desmond Bane,20.8,16.2,12.7,20.6,UNDER,-4.6,5,PENDING,PENDING
3/24/2026,Jevon Carter,9.5,5.1,4.2,6.5,UNDER,-4.4,5,PENDING,PENDING
3/24/2026,Paolo Banchero,24.5,21.6,17.9,25.5,UNDER,-2.9,3,PENDING,PENDING
3/24/2026,Tristan da Silva,11.7,7.9,7.4,11.4,UNDER,-3.8,5,PENDING,PENDING
3/24/2026,Jamal Murray,23.8,21.3,17.7,25.3,UNDER,-2.5,3,PENDING,PENDING
3/24/2026,Jordan Goodwin,7.5,10.1,6.8,13.2,OVER,2.6,3,PENDING,PENDING
3/25/2026,Jonathan Kuminga,10.8,13.8,7.9,17.0,OVER,3.0,3,PENDING,PENDING
3/25/2026,Zaccharie Risacher,6.0,11.7,5.9,12.3,OVER,5.7,4,PENDING,PENDING
3/25/2026,Collin Sexton,12.3,19.1,15.4,21.8,OVER,6.8,5,PENDING,PENDING
3/25/2026,Guerschon Yabusele,6.5,11.6,6.3,13.7,OVER,5.1,4,PENDING,PENDING
3/25/2026,Josh Giddey,18.8,13.1,9.8,17.2,UNDER,-5.7,5,PENDING,PENDING
3/25/2026,Leonard Miller,5.9,11.3,6.7,11.8,OVER,5.4,5,PENDING,PENDING
3/25/2026,Nick Richards,7.4,11.3,5.9,11.8,OVER,3.9,3,PENDING,PENDING
3/25/2026,Luka Dončić,34.7,31.0,26.1,36.4,UNDER,-3.7,3,PENDING,PENDING
3/25/2026,Joel Embiid,23.5,27.2,25.9,33.6,OVER,3.7,5,PENDING,PENDING
3/25/2026,Paul George,17.8,14.8,11.4,17.3,UNDER,-3.0,5,PENDING,PENDING
3/25/2026,Daniss Jenkins,16.7,11.5,8.7,14.0,UNDER,-5.2,5,PENDING,PENDING
3/25/2026,Jalen Duren,22.7,20.0,15.3,21.2,UNDER,-2.7,5,PENDING,PENDING
3/25/2026,Jaylen Brown,23.8,27.3,25.5,31.3,OVER,3.5,5,PENDING,PENDING
3/25/2026,Payton Pritchard,14.4,10.9,8.9,14.8,UNDER,-3.5,3,PENDING,PENDING
3/25/2026,Donovan Mitchell,28.8,25.8,22.1,30.1,UNDER,-3.0,3,PENDING,PENDING
3/25/2026,Sam Merrill,13.5,8.9,8.1,9.4,UNDER,-4.6,5,PENDING,PENDING
3/25/2026,Kel'el Ware,6.5,12.5,8.0,16.1,OVER,6.0,5,PENDING,PENDING
3/25/2026,Tyler Herro,20.0,23.1,20.7,27.2,OVER,3.1,5,PENDING,PENDING
3/25/2026,Jalen Williams,13.6,18.2,15.6,21.2,OVER,4.6,5,PENDING,PENDING
3/25/2026,Jared McCain,5.8,11.6,8.3,13.7,OVER,5.8,5,PENDING,PENDING
3/25/2026,Devin Vassell,13.5,17.1,11.7,20.4,OVER,3.6,3,PENDING,PENDING
3/25/2026,Harrison Barnes,8.4,13.4,9.2,16.1,OVER,5.0,5,PENDING,PENDING
3/25/2026,GG Jackson,15.5,19.0,12.0,22.2,OVER,3.5,3,PENDING,PENDING
3/25/2026,Walter Clayton Jr.,10.3,7.4,5.1,10.3,UNDER,-2.9,3,PENDING,PENDING
3/25/2026,Cody Williams,17.4,10.6,9.4,12.8,UNDER,-6.8,5,PENDING,PENDING
3/25/2026,John Konchar,7.5,4.2,2.9,6.1,UNDER,-3.3,5,PENDING,PENDING
3/25/2026,Bilal Coulibaly,15.4,12.3,9.9,15.9,UNDER,-3.1,3,PENDING,PENDING
3/25/2026,Jaden Hardy,15.5,9.2,8.2,12.5,UNDER,-6.3,5,PENDING,PENDING
3/25/2026,Will Riley,18.0,14.3,8.2,16.9,UNDER,-3.7,5,PENDING,PENDING
3/25/2026,Reed Sheppard,15.9,12.3,11.8,17.5,UNDER,-3.6,3,PENDING,PENDING
3/25/2026,Bones Hyland,15.2,11.0,8.9,13.1,UNDER,-4.2,5,PENDING,PENDING
3/25/2026,Brandon Williams,12.5,8.1,6.3,12.9,UNDER,-4.4,4,PENDING,PENDING
3/25/2026,Khris Middleton,7.0,10.0,6.4,13.7,OVER,3.0,3,PENDING,PENDING
3/25/2026,Klay Thompson,11.1,15.9,8.3,17.2,OVER,4.8,4,PENDING,PENDING
3/25/2026,Marvin Bagley III,8.8,12.2,8.7,13.0,OVER,3.4,3,PENDING,PENDING
3/25/2026,Jamal Murray,24.4,20.1,15.9,22.7,UNDER,-4.3,5,PENDING,PENDING
3/25/2026,Nikola Jokić,28.9,23.9,22.0,26.2,UNDER,-5.0,5,PENDING,PENDING
3/25/2026,Gui Santos,14.0,9.5,8.1,16.0,UNDER,-4.5,4,PENDING,PENDING
3/25/2026,AJ Green,11.3,7.5,5.5,10.2,UNDER,-3.8,5,PENDING,PENDING
3/25/2026,Jericho Sims,8.0,4.4,2.9,5.0,UNDER,-3.6,5,PENDING,PENDING
3/25/2026,Ousmane Dieng,14.1,8.7,5.1,9.2,UNDER,-5.4,5,PENDING,PENDING
3/25/2026,Ryan Rollins,21.6,18.0,12.4,21.5,UNDER,-3.6,5,PENDING,PENDING
3/25/2026,Josh Minott,12.5,8.0,6.8,9.2,UNDER,-4.5,5,PENDING,PENDING
3/25/2026,Deni Avdija,23.6,19.2,14.4,24.8,UNDER,-4.4,4,PENDING,PENDING
3/25/2026,Jerami Grant,17.4,20.5,15.3,23.4,OVER,3.1,3,PENDING,PENDING
3/25/2026,Robert Williams III,6.6,9.2,4.6,11.2,OVER,2.6,3,PENDING,PENDING
3/25/2026,Darius Garland,19.2,22.6,16.6,26.9,OVER,3.4,3,PENDING,PENDING
3/25/2026,John Collins,12.0,17.2,12.4,18.5,OVER,5.2,5,PENDING,PENDING
3/25/2026,Jamal Shead,8.7,6.1,4.1,8.0,UNDER,-2.6,5,PENDING,PENDING
3/26/2026,Zion Williamson,20.3,25.4,21.2,28.9,OVER,5.1,5,PENDING,PENDING
3/26/2026,Jalen Brunson,26.3,29.3,24.9,32.2,OVER,3.0,3,PENDING,PENDING
3/26/2026,Karl-Anthony Towns,18.7,23.5,18.0,25.6,OVER,4.8,4,PENDING,PENDING
3/26/2026,Desmond Bane,21.0,16.5,14.4,21.9,UNDER,-4.5,4,PENDING,PENDING
3/26/2026,Jalen Suggs,14.4,11.6,9.7,14.4,UNDER,-2.8,3,PENDING,PENDING
3/26/2026,Paolo Banchero,25.4,22.0,19.6,26.2,UNDER,-3.4,3,PENDING,PENDING
3/26/2026,Precious Achiuwa,12.8,9.5,9.0,10.4,UNDER,-3.3,5,PENDING,PENDING
3/26/2026,Daniss Jenkins,17.3,11.8,9.3,17.0,UNDER,-5.5,5,PENDING,PENDING
3/26/2026,Jalen Duren,22.7,20.2,15.7,24.9,UNDER,-2.5,3,PENDING,PENDING
3/26/2026,Coby White,14.4,21.5,17.0,23.1,OVER,7.1,5,PENDING,PENDING
3/26/2026,Grant Williams,5.5,8.5,6.2,10.1,OVER,3.0,5,PENDING,PENDING
3/26/2026,LaMelo Ball,20.4,23.1,17.9,26.0,OVER,2.7,3,PENDING,PENDING
3/26/2026,Ryan Kalkbrenner,4.8,8.9,6.1,9.4,OVER,4.1,5,PENDING,PENDING
3/27/2026,Brook Lopez,8.9,12.4,8.1,14.2,OVER,3.5,3,PENDING,PENDING
3/27/2026,Darius Garland,19.2,23.6,17.3,26.7,OVER,4.4,4,PENDING,PENDING
3/27/2026,John Collins,11.8,16.7,11.5,19.1,OVER,4.9,4,PENDING,PENDING
3/27/2026,Andrew Nembhard,15.5,11.7,9.9,13.1,UNDER,-3.8,5,PENDING,PENDING
3/27/2026,Jay Huff,10.1,12.7,8.6,14.3,OVER,2.6,3,PENDING,PENDING
3/27/2026,T.J. McConnell,8.4,11.1,7.9,14.0,OVER,2.7,3,PENDING,PENDING
3/27/2026,Corey Kispert,5.5,11.0,7.9,11.5,OVER,5.5,5,PENDING,PENDING
3/27/2026,Jonathan Kuminga,10.1,13.3,11.0,16.1,OVER,3.2,5,PENDING,PENDING
3/27/2026,Zaccharie Risacher,5.8,9.1,4.8,14.9,OVER,3.3,3,PENDING,PENDING
3/27/2026,Derrick White,19.7,14.5,14.0,20.7,UNDER,-5.2,4,PENDING,PENDING
3/27/2026,Payton Pritchard,19.4,12.4,8.9,14.7,UNDER,-7.0,5,PENDING,PENDING
3/27/2026,Evan Mobley,17.9,20.4,17.1,23.0,OVER,2.5,3,PENDING,PENDING
3/27/2026,Andrew Wiggins,12.5,17.5,12.4,19.1,OVER,5.0,4,PENDING,PENDING
3/27/2026,Kel'el Ware,7.4,11.6,7.4,15.5,OVER,4.2,4,PENDING,PENDING
3/27/2026,Collin Sexton,14.2,17.3,15.0,20.8,OVER,3.1,5,PENDING,PENDING
3/27/2026,Guerschon Yabusele,9.2,12.2,6.4,12.9,OVER,3.0,3,PENDING,PENDING
3/27/2026,Leonard Miller,9.5,12.0,7.2,14.7,OVER,2.5,3,PENDING,PENDING
3/27/2026,Kevin Durant,24.5,29.2,25.0,32.0,OVER,4.7,5,PENDING,PENDING
3/27/2026,Jalen Williams,15.8,22.1,17.8,25.1,OVER,6.3,5,PENDING,PENDING
3/27/2026,Jeremiah Fears,14.5,10.9,7.5,13.6,UNDER,-3.6,5,PENDING,PENDING
3/27/2026,Jakob Poeltl,10.9,14.3,8.6,17.6,OVER,3.4,3,PENDING,PENDING
3/27/2026,Jamal Murray,24.4,20.6,19.0,24.5,UNDER,-3.8,3,PENDING,PENDING
3/27/2026,Peyton Watson,12.6,17.2,12.0,21.0,OVER,4.6,4,PENDING,PENDING
3/27/2026,Brice Sensabaugh,22.5,18.0,16.2,23.6,UNDER,-4.5,4,PENDING,PENDING
3/27/2026,Cody Williams,14.3,10.6,10.1,11.1,UNDER,-3.7,5,PENDING,PENDING
3/27/2026,Kyle Filipowski,13.3,10.3,6.9,13.8,UNDER,-3.0,3,PENDING,PENDING
3/27/2026,Khris Middleton,6.5,10.1,7.6,13.3,OVER,3.6,5,PENDING,PENDING
3/27/2026,Klay Thompson,10.7,14.3,10.0,19.2,OVER,3.6,3,PENDING,PENDING
3/27/2026,Brandin Podziemski,16.9,13.3,10.1,14.0,UNDER,-3.6,5,PENDING,PENDING
3/27/2026,Gui Santos,16.5,13.4,10.5,16.7,UNDER,-3.1,3,PENDING,PENDING
3/27/2026,Pat Spencer,9.1,6.5,4.1,8.8,UNDER,-2.6,5,PENDING,PENDING
3/27/2026,Will Richard,9.8,5.6,3.2,6.1,UNDER,-4.2,5,PENDING,PENDING
3/27/2026,Deni Avdija,24.5,21.0,14.9,27.9,UNDER,-3.5,3,PENDING,PENDING
3/27/2026,Austin Reaves,21.3,18.8,14.9,22.0,UNDER,-2.5,3,PENDING,PENDING
3/27/2026,Luka Dončić,32.0,27.3,26.8,30.6,UNDER,-4.7,5,PENDING,PENDING
3/27/2026,Drake Powell,8.4,3.8,2.8,5.8,UNDER,-4.6,5,PENDING,PENDING
3/27/2026,Jalen Wilson,6.5,11.1,7.1,13.5,OVER,4.6,5,PENDING,PENDING
3/28/2026,AJ Green,10.5,6.8,5.0,10.5,UNDER,-3.7,3,PENDING,PENDING
3/28/2026,Ousmane Dieng,13.5,8.0,6.0,9.6,UNDER,-5.5,5,PENDING,PENDING
3/28/2026,Ryan Rollins,21.8,14.1,13.6,20.3,UNDER,-7.7,5,PENDING,PENDING
3/28/2026,Devin Vassell,12.5,15.4,9.3,17.8,OVER,2.9,3,PENDING,PENDING
3/28/2026,Bones Hyland,15.0,10.7,8.0,14.1,UNDER,-4.3,5,PENDING,PENDING
3/28/2026,Donte DiVincenzo,14.0,11.3,8.0,14.7,UNDER,-2.7,3,PENDING,PENDING
3/28/2026,Julius Randle,24.4,21.7,19.4,27.1,UNDER,-2.7,3,PENDING,PENDING
3/28/2026,Mike Conley,6.5,3.5,0.6,4.4,UNDER,-3.0,5,PENDING,PENDING
3/28/2026,Duncan Robinson,11.0,14.6,10.0,17.5,OVER,3.6,3,PENDING,PENDING
3/28/2026,Kelly Oubre Jr.,9.5,14.6,11.1,18.7,OVER,5.1,5,PENDING,PENDING
3/28/2026,Quentin Grimes,8.5,12.6,12.1,19.8,OVER,4.1,5,PENDING,PENDING
3/28/2026,VJ Edgecombe,13.5,18.2,14.8,21.1,OVER,4.7,5,PENDING,PENDING
3/28/2026,Brandon Miller,19.9,17.1,13.5,21.5,UNDER,-2.8,3,PENDING,PENDING
3/28/2026,Kon Knueppel,18.5,15.2,12.2,18.3,UNDER,-3.3,5,PENDING,PENDING
3/28/2026,Ryan Kalkbrenner,5.3,9.5,6.0,11.9,OVER,4.2,5,PENDING,PENDING
3/28/2026,Jalen Johnson,23.9,19.6,15.1,24.2,UNDER,-4.3,4,PENDING,PENDING
3/28/2026,Jock Landale,13.6,10.9,7.1,11.4,UNDER,-2.7,5,PENDING,PENDING
3/28/2026,Nickeil Alexander-Walker,20.2,16.7,14.7,18.8,UNDER,-3.5,5,PENDING,PENDING
3/28/2026,Dylan Cardwell,4.2,6.8,4.6,7.3,OVER,2.6,5,PENDING,PENDING
3/28/2026,Precious Achiuwa,12.7,8.9,8.4,9.7,UNDER,-3.8,5,PENDING,PENDING
3/28/2026,Josh Giddey,19.8,14.6,11.1,17.8,UNDER,-5.2,5,PENDING,PENDING
3/28/2026,Matas Buzelis,20.8,17.4,14.2,19.5,UNDER,-3.4,5,PENDING,PENDING
3/28/2026,Rob Dillingham,10.2,6.5,5.1,8.3,UNDER,-3.7,5,PENDING,PENDING
3/28/2026,GG Jackson,18.2,14.1,11.7,20.1,UNDER,-4.1,4,PENDING,PENDING
3/28/2026,Olivier-Maxence Prosper,14.5,11.0,10.3,12.8,UNDER,-3.5,5,PENDING,PENDING
3/28/2026,Walter Clayton Jr.,10.5,7.1,5.4,7.6,UNDER,-3.4,5,PENDING,PENDING
3/28/2026,Brice Sensabaugh,20.4,16.6,14.7,23.2,UNDER,-3.8,3,PENDING,PENDING
2026-03-29,Baylor Scheierman,8.3,6.8,3.7,7.6,OVER,-1.5,3,PENDING,PENDING
2026-03-29,Jayson Tatum,27.6,24.9,21.0,27.1,OVER,-2.7,3,PENDING,PENDING
2026-03-29,Jordan Walsh,5.8,2.6,1.5,6.6,UNDER,-3.2,5,PENDING,PENDING
2026-03-29,Luka Garza,7.6,5.3,1.4,11.6,UNDER,-2.3,5,PENDING,PENDING
2026-03-29,Neemias Queta,11.1,8.6,5.8,11.3,OVER,-2.5,4,PENDING,PENDING
2026-03-29,Payton Pritchard,19.8,15.6,8.1,20.4,UNDER,-4.2,5,PENDING,PENDING
2026-03-29,Sam Hauser,10.7,7.9,4.7,10.4,UNDER,-2.8,5,PENDING,PENDING
2026-03-29,Saddiq Bey,17.2,14.5,11.4,18.3,OVER,-2.7,4,PENDING,PENDING
2026-03-29,Amen Thompson,18.5,14.9,10.4,19.2,UNDER,-3.6,5,PENDING,PENDING
2026-03-29,Jabari Smith Jr.,14.7,12.0,9.2,16.7,UNDER,-2.7,5,PENDING,PENDING
2026-03-29,Reed Sheppard,14.5,11.8,9.6,15.6,UNDER,-2.7,5,PENDING,PENDING
2026-03-29,Bam Adebayo,23.6,17.9,14.9,20.0,UNDER,-5.7,5,PENDING,PENDING
2026-03-29,Davion Mitchell,9.3,6.9,6.0,11.4,UNDER,-2.4,5,PENDING,PENDING
2026-03-29,Kel'el Ware,9.4,11.6,7.3,13.6,UNDER,2.2,4,PENDING,PENDING
2026-03-29,Pelle Larsson,12.7,8.1,5.1,12.7,UNDER,-4.6,5,PENDING,PENDING
2026-03-29,Drake Powell,8.4,5.8,3.0,6.3,UNDER,-2.6,5,PENDING,PENDING
2026-03-29,Terance Mann,9.0,6.9,4.3,8.1,OVER,-2.1,4,PENDING,PENDING
2026-03-29,Josh Hart,12.2,9.2,8.1,12.9,UNDER,-3.0,5,PENDING,PENDING
2026-03-29,Miles McBride,7.5,9.5,6.0,12.3,OVER,2.0,5,PENDING,PENDING
2026-03-29,OG Anunoby,15.8,12.0,10.1,18.9,UNDER,-3.8,5,PENDING,PENDING
2026-03-29,Desmond Bane,21.4,17.7,12.9,21.8,OVER,-3.7,4,PENDING,PENDING
2026-03-29,Jamal Cain,8.4,5.8,0.5,6.8,UNDER,-2.6,5,PENDING,PENDING
2026-03-29,Tristan da Silva,11.2,8.3,5.6,12.0,UNDER,-2.9,5,PENDING,PENDING
2026-03-29,Ben Sheppard,8.2,5.9,3.4,7.4,UNDER,-2.3,5,PENDING,PENDING
2026-03-29,Jay Huff,10.7,8.5,6.4,11.3,OVER,-2.2,4,PENDING,PENDING
2026-03-29,Deni Avdija,26.4,20.4,18.0,21.0,UNDER,-6.0,5,PENDING,PENDING
2026-03-29,Donovan Clingan,16.3,12.0,7.3,15.4,UNDER,-4.3,5,PENDING,PENDING
2026-03-29,Jrue Holiday,17.5,12.4,9.5,15.4,UNDER,-5.1,5,PENDING,PENDING
2026-03-29,Scoot Henderson,16.7,14.1,8.4,17.7,OVER,-2.6,4,PENDING,PENDING
2026-03-29,Sidy Cissoko,6.5,2.4,0.8,5.6,UNDER,-4.1,5,PENDING,PENDING
2026-03-29,Toumani Camara,13.7,11.3,8.5,14.4,OVER,-2.4,4,PENDING,PENDING
2026-03-29,Devin Carter,15.5,10.9,4.3,14.5,UNDER,-4.6,5,PENDING,PENDING
2026-03-29,Maxime Raynaud,17.3,13.8,10.8,14.7,UNDER,-3.5,5,PENDING,PENDING
2026-03-29,Nique Clifford,14.2,10.1,4.1,10.6,UNDER,-4.1,5,PENDING,PENDING
2026-03-29,Precious Achiuwa,14.5,8.7,7.0,9.2,UNDER,-5.8,5,PENDING,PENDING
2026-03-29,Ajay Mitchell,11.4,8.0,5.9,9.7,UNDER,-3.4,5,PENDING,PENDING
2026-03-29,Isaiah Hartenstein,7.4,5.6,3.3,7.1,OVER,-1.8,4,PENDING,PENDING
2026-03-29,Luguentz Dort,6.3,8.7,4.5,11.7,OVER,2.4,5,PENDING,PENDING
2026-03-29,Shai Gilgeous-Alexander,30.2,25.6,19.7,32.8,UNDER,-4.6,5,PENDING,PENDING
2026-03-29,Jakob Poeltl,11.0,13.5,7.5,14.3,UNDER,2.5,4,PENDING,PENDING
2026-03-29,Sandro Mamukelashvili,9.5,12.2,4.8,14.0,OVER,2.7,5,PENDING,PENDING
2026-03-29,Coby White,13.6,17.0,12.1,19.9,OVER,3.4,5,PENDING,PENDING
2026-03-29,Josh Green,4.0,4.8,1.2,5.3,UNDER,0.8,4,PENDING,PENDING
2026-03-29,Christian Braun,11.7,7.9,1.7,14.1,OVER,-3.8,4,PENDING,PENDING
2026-03-29,Gui Santos,15.5,10.7,4.0,17.4,OVER,-4.8,4,PENDING,PENDING
